sep=,
"KNOWLEDGE BASE (KB) MODULE - Work Breakdown Structure",,,,,,
"Total Story Points: 45-55",,,,,,
,,,,,,
"WBS ID","Task Name","Description","Complexity","Points (Min)","Points (Max)","Status"
"3","Knowledge Base Module","","","45","55",""
"3.1","KB Tree Navigation","Hierarchical folder structure","HIGH","10","12",""
"3.1.1","Tree Component","Nested tree with expand/collapse","HIGH","5","6",""
"3.1.2","New Folder Modal","Create/rename folder dialog","LOW","2","3",""
"3.1.3","Drag & Drop","Move items between folders","MEDIUM","3","3",""
"3.2","KB Content Display","Article content with rich text","MEDIUM","8","10",""
"3.2.1","Main Document View","Display article content","MEDIUM","3","4",""
"3.2.2","Rich Text Rendering","Quill editor content display","MEDIUM","3","3",""
"3.2.3","Document Metadata","Author, dates, version info","LOW","2","3",""
"3.3","KB Detail Page","Article create/edit form","HIGH","12","15",""
"3.3.1","Detail Info Form","Title, description, category","MEDIUM","3","4",""
"3.3.2","Document Editor","Quill rich text editor","HIGH","5","6",""
"3.3.3","Keyword Management","Add/remove keywords","MEDIUM","2","3",""
"3.3.4","Tree Modal Selection","Select folder location","LOW","2","2",""
"3.4","KB Favorites","Bookmark articles","LOW-MEDIUM","5","6",""
"3.4.1","Favorite List","Display bookmarked articles","LOW","2","3",""
"3.4.2","Favorite Tree","Organized favorites view","LOW","2","2",""
"3.4.3","Toggle Favorite","Add/remove from favorites","LOW","1","1",""
"3.5","KB Rating System","Article feedback","LOW-MEDIUM","5","6",""
"3.5.1","Rating Component","Star rating display/input","LOW","2","3",""
"3.5.2","Rating Statistics","Average rating calculation","LOW","2","2",""
"3.5.3","Rating Submission","Submit user rating","LOW","1","1",""
"3.6","KB Search","Search articles by keyword","MEDIUM","5","6",""
"3.6.1","Search by Keyword","Keyword-based search","MEDIUM","3","4",""
"3.6.2","Search Results","Results list with highlighting","LOW","2","2",""
